lambda[nm],scale,n,lambda_inverse,n_square_inverse
656.2,1.87,3.0,1523925.6324291374,0.1111111111111111
486.1,3.2,4.0,2057189.8786257966,0.0625
434.1,4.05,5.0,2303616.6781847496,0.04
410.2,4.59,6.0,2437835.2023403216,0.027777777777777776
